{"cameraMode":{"drawMode":0,"name":"Shaded","section":"Shading Mode"},"sceneLighting":true,"audioPlay":false,"sceneViewState":{"m_AlwaysRefresh":true,"showFog":true,"showSkybox":true,"showFlares":true,"showImageEffects":true,"showParticleSystems":true,"showVisualEffectGraphs":true,"m_FxEnabled":true},"in2DMode":false,"pivot":{"x":-11.170785903930664,"y":23.505762100219728,"z":-26.725994110107423},"rotation":{"x":0.09854279458522797,"y":0.40293386578559878,"z":-0.04368546977639198,"w":0.908873975276947},"size":3.137192487716675,"orthographic":false}