{"cameraMode":{"drawMode":0,"name":"Shaded","section":"Shading Mode"},"sceneLighting":true,"audioPlay":false,"sceneViewState":{"m_AlwaysRefresh":true,"showFog":true,"showSkybox":true,"showFlares":true,"showImageEffects":true,"showParticleSystems":true,"showVisualEffectGraphs":true,"m_FxEnabled":true},"in2DMode":false,"pivot":{"x":9.086735725402832,"y":5.1966400146484379,"z":8.232242584228516},"rotation":{"x":-0.07207059115171433,"y":0.927453339099884,"z":-0.24355685710906983,"w":-0.27444136142730715},"size":10.449999809265137,"orthographic":false}