{"cameraMode":{"drawMode":0,"name":"Shaded","section":"Shading Mode"},"sceneLighting":true,"audioPlay":false,"sceneViewState":{"m_AlwaysRefresh":false,"showFog":true,"showSkybox":true,"showFlares":true,"showImageEffects":true,"showParticleSystems":true,"showVisualEffectGraphs":true,"m_FxEnabled":true},"in2DMode":false,"pivot":{"x":-23.722332000732423,"y":22.75211524963379,"z":-17.460681915283204},"rotation":{"x":0.21076957881450654,"y":0.5068657994270325,"z":-0.12936843931674958,"w":0.8257925510406494},"size":12.530009269714356,"orthographic":false}